Pacific.Rim.2013.1080p.BluRay.x265-RARBG,2197815296,tt1663662
Pacific.Rim.Uprising.2018.1080p.BluRay.x265-RARBG,1853882368,tt2557478
The.Matrix.1999.REMASTERED.1080p.BluRay.x265-RARBG,2378170368,tt0133093
The.Invisible.Man.2020.1080p.WEBRip.x265-RARBG,2080374784,tt1051906
The.Hunt.2020.1080p.WEBRip.x265-RARBG,1505755136,tt8244784
Interstellar.2014.1080p.BluRay.x265-RARBG,2831155200,tt0816692
The.Matrix.Revolutions.2003.REMASTERED.1080p.BluRay.x265-RARBG,2229272576,tt0242653
Alita.Battle.Angel.2019.1080p.BluRay.x265-RARBG,2040528896,tt0437086
Altered.Carbon.Resleeved.2020.DUBBED.1080p.WEBRip.x265-RARBG,1254096896,tt9310328
Ford.v.Ferrari.2019.1080p.BluRay.x265-RARBG,2554331136,tt1950186
Bird.Box.2018.1080p.WEBRip.x265-RARBG,2074083328,tt2737304
Star.Wars.Episode.IX.The.Rise.of.Skywalker.2019.1080p.BluRay.x265-RARBG,2376073216,tt2527338
1917.2019.1080p.BluRay.x265-RARBG,1981808640,tt8579674
21.Bridges.2019.1080p.BluRay.x265-RARBG,1671430144,tt8688634
Jojo.Rabbit.2019.1080p.BluRay.x265-RARBG,1814036480,tt2584384
The.Matrix.Reloaded.2003.REMASTERED.1080p.BluRay.x265-RARBG,2394947584,tt0234215
Joker.2019.1080p.BluRay.x265-RARBG,2038431744,tt7286456
The.Banker.2020.1080p.WEBRip.x265-RARBG,2019557376,tt6285944
Once.Upon.a.Time.in.Hollywood.2019.1080p.BluRay.x265-RARBG,2730491904,tt7131622
Spenser.Confidential.2020.1080p.WEBRip.x265-RARBG,1862270976,tt8629748
Knives.Out.2019.1080p.BluRay.x265-RARBG,2181038080,tt8946378
Marriage.Story.2019.1080p.WEBRip.x265-RARBG,2296381440,tt7653254
Fantastic.Beasts.and.Where.to.Find.Them.2016.1080p.BluRay.x265-RARBG,2222981120,tt3183660
It.2017.1080p.BluRay.x265-RARBG,2256535552,tt1396484
Midsommar.2019.DC.1080p.BluRay.x265-RARBG,2850029568,tt8772262
John.Wick.Chapter.3.Parabellum.2019.1080p.BluRay.x265-RARBG,2189426688,tt6146586
John.Wick.2014.1080p.BluRay.x265-RARBG,1694498816,tt2911666
John.Wick.Chapter.2.2017.1080p.BluRay.x265-RARBG,2048917504,tt4425200
Ready.or.Not.2019.1080p.BluRay.x265-RARBG,1595932672,tt7798634
Fantastic.Beasts.The.Crimes.Of.Grindelwald.2018.EXTENDED.1080p.BluRay.x265-RARBG,2361393152,tt4123430
Ready.Player.One.2018.1080p.BluRay.x265-RARBG,2342518784,tt1677720
Terminator.Dark.Fate.2019.1080p.BluRay.x265-RARBG,2145386496,tt6450804
The.Lion.King.2019.1080p.BluRay.x265-RARBG,1979711488,tt6105098
Aquaman.2018.IMAX.1080p.BluRay.x265-RARBG,2397044736,tt1477834
Doctor.Sleep.2019.DC.1080p.BluRay.x265-RARBG,3017801728,tt5606664
Annihilation.2018.1080p.BluRay.x265-RARBG,1925185536,tt2798920
Jurassic.World.Fallen.Kingdom.2018.1080p.BluRay.x265-RARBG,2147483648,tt4881806
Midway.2019.1080p.BluRay.x265-RARBG,2317352960,tt6924650
Jurassic.World.2015.1080p.BluRay.x265-RARBG,2076180480,tt0369610
Ad.Astra.2019.1080p.BluRay.x265-RARBG,2059403264,tt2935510
It.Chapter.Two.2019.1080p.BluRay.x265-RARBG,2835349504,tt7349950
Deadpool.2.2018.Super.Duper.Cut.UNRATED.1080p.BluRay.x265-RARBG,2243952640,tt5463162
Arrival.2016.1080p.BluRay.x265-RARBG,1948254208,tt2543164
Blade.Runner.1982.Final.Cut.1080p.BluRay.x265-RARBG,1969225728,tt0083658
Blade.Runner.2049.2017.1080p.BluRay.x265-RARBG,2743074816,tt1856101
Deadpool.2016.1080p.BluRay.x265-RARBG,1809842176,tt1431045
Event.Horizon.1997.REMASTERED.1080p.BluRay.x265-RARBG,1606418432,tt0119081
Deepwater.Horizon.2016.1080p.BluRay.x265-RARBG,1793064960,tt1860357
Jumanji.The.Next.Level.2019.1080p.BluRay.x265-RARBG,2061500416,tt7975244
Jumanji.Welcome.to.the.Jungle.2017.1080p.BluRay.x265-RARBG,1988100096,tt2283362
Godzilla.2014.1080p.BluRay.x265-RARBG,2061500416,tt0831387
Godzilla.King.of.the.Monsters.2019.1080p.BluRay.x265-RARBG,2204106752,tt3741700
Hell.or.High.Water.2016.1080p.BluRay.x265-RARBG,1713373184,tt2582782
Birds.of.Prey.And.the.Fantabulous.Emancipation.of.One.Harley.Quinn.2020.1080p.WEBRip.x265-RARBG,1822425088,tt7713068
The.Hateful.Eight.2015.1080p.BluRay.x265-RARBG,2808086528,tt3460252
Venom.2018.1080p.BluRay.x265-RARBG,1879048192,tt1270797
Wonder.Woman.2017.1080p.BluRay.x265-RARBG,2365587456,tt0451279
Pandorum.2009.1080p.BluRay.x265-RARBG,1807745024,tt1188729
Ghost.in.the.Shell.2017.1080p.BluRay.x265-RARBG,1790967808,tt1219827
Sicario.Day.of.the.Soldado.2018.1080p.BluRay.x265-RARBG,2048917504,tt5052474
Edge.of.Tomorrow.2014.1080p.BluRay.x265-RARBG,1900019712,tt1631867
Dunkirk.2017.1080p.BluRay.x265-RARBG,1784676352,tt5013056
Sicario.2015.1080p.BluRay.x265-RARBG,2030043136,tt3397884
Independence.Day.1996.EXTENDED.1080p.BluRay.x265-RARBG,2571108352,tt0116629
Timeline.2003.1080p.BluRay.x265-RARBG,1860173824,tt0300556
The.Revenant.2015.1080p.BluRay.x265-RARBG,2615148544,tt1663202
Jumanji.1995.REMASTERED.1080p.BluRay.x265-RARBG,1742733312,tt0113497
Independence.Day.Resurgence.2016.1080p.BluRay.x265-RARBG,2004877312,tt1628841
Get.Out.2017.1080p.BluRay.x265-RARBG,1742733312,tt5052448
Chappie.2015.1080p.BluRay.x265-RARBG,2006974464,tt1823672
Mad.Max.Fury.Road.2015.1080p.BluRay.x265-RARBG,2013265920,tt1392190
The.Equalizer.2.2018.1080p.BluRay.x265-RARBG,2023751680,tt3766354
World.War.Z.2013.UNRATED.1080p.BluRay.x265-RARBG,2059403264,tt0816711
The.Equalizer.2014.1080p.BluRay.x265-RARBG,2210398208,tt0455944
Warcraft.2016.1080p.BluRay.x265-RARBG,2059403264,tt0803096
The.Avengers.2012.1080p.BluRay.x265-RARBG,2392850432,tt0848228
Avengers.Endgame.2019.1080p.BluRay.x265-RARBG,3032481792,tt4154796
Avengers.Infinity.War.2018.1080p.BluRay.x265-RARBG,2501902336,tt4154756
Avengers.Age.of.Ultron.2015.1080p.BluRay.x265-RARBG,2365587456,tt2395427
Onward.2020.1080p.WEBRip.x265-RARBG,1713373184,tt7146812
A.Hidden.Life.2019.1080p.BluRay.x265-RARBG,2929721344,tt5827916
Doctor.Strange.2016.1080p.BluRay.x265-RARBG,1925185536,tt1211837
Guardians.of.the.Galaxy.2014.1080p.BluRay.x265-RARBG,2023751680,tt2015381
Captain.Marvel.2019.1080p.BluRay.x265-RARBG,2071986176,tt4154664
Black.Panther.2018.1080p.BluRay.x265-RARBG,2252341248,tt1825683
Guardians.of.the.Galaxy.Vol.2.2017.1080p.BluRay.x265-RARBG,2273312768,tt3896198
Dustwalker.2019.1080p.BluRay.x265-RARBG,1587544064,tt6816388
Zombieland.2009.1080p.BluRay.x265-RARBG,1468006400,tt1156398
Maleficent.2014.1080p.BluRay.x265-RARBG,1631584256,tt1587310
Pokemon.Detective.Pikachu.2019.1080p.BluRay.x265-RARBG,1749024768,tt5884052
Maleficent.Mistress.of.Evil.2019.1080p.BluRay.x265-RARBG,1990197248,tt4777008
Bombshell.2019.1080p.BluRay.x265-RARBG,1818230784,tt6394270
La.La.Land.2016.1080p.BluRay.x265-RARBG,2139095040,tt3783958
Transformers.The.Last.Knight.2017.1080p.BluRay.x265-RARBG,2583691264,tt3371366
Uncut.Gems.2019.1080p.BluRay.x265-RARBG,2262827008,tt5727208
Judy.2019.1080p.BluRay.x265-RARBG,1981808640,tt7549996
Charlies.Angels.2019.1080p.BluRay.x265-RARBG,1983905792,tt5033998
A.Beautiful.Day.in.the.Neighborhood.2019.1080p.BluRay.x265-RARBG,1820327936,tt3224458
Crazy.Rich.Asians.2018.1080p.BluRay.x265-RARBG,2019557376,tt3104988
Transformers.2007.1080p.BluRay.x265-RARBG,2399141888,tt0418279
Richard.Jewell.2019.1080p.BluRay.x265-RARBG,2191523840,tt3513548
Indiana.Jones.and.the.Raiders.of.the.Lost.Ark.1981.1080p.BluRay.x265-RARBG,1931476992,tt0082971
Transformers.Age.of.Extinction.2014.1080p.BluRay.x265-RARBG,2759852032,tt2109248
Bumblebee.2018.1080p.BluRay.x265-RARBG,1904214016,tt4701182
Indiana.Jones.and.the.Kingdom.of.the.Crystal.Skull.2008.1080p.BluRay.x265-RARBG,2051014656,tt0367882
Transformers.Dark.of.the.Moon.2011.1080p.BluRay.x265-RARBG,2581594112,tt1399103
Indiana.Jones.and.the.Temple.of.Doom.1984.1080p.BluRay.x265-RARBG,1983905792,tt0087469
Color.Out.of.Space.2019.1080p.BluRay.x265-RARBG,1841299456,tt5073642
Transformers.Revenge.of.the.Fallen.2009.IMAX.1080p.BluRay.x265-RARBG,2516582400,tt1055369
Indiana.Jones.and.the.Last.Crusade.1989.1080p.BluRay.x265-RARBG,2124414976,tt0097576
San.Andreas.2015.1080p.BluRay.x265-RARBG,1914699776,tt2126355
The.Martian.2015.EXTENDED.1080p.BluRay.x265-RARBG,2533359616,tt3659388
American.Sniper.2014.1080p.BluRay.x265-RARBG,2218786816,tt2179136
Gone.Girl.2014.1080p.BluRay.x265-RARBG,2493513728,tt2267998
The.Man.from.U.N.C.L.E.2015.1080p.BluRay.x265-RARBG,1948254208,tt1638355
Joy.2015.1080p.BluRay.x265-RARBG,2076180480,tt2446980
The.Last.Witch.Hunter.2015.1080p.BluRay.x265-RARBG,1782579200,tt1618442
Lucy.2014.1080p.BluRay.x265-RARBG,1493172224,tt2872732
Zombieland.Double.Tap.2019.1080p.BluRay.x265-RARBG,1656750080,tt1560220
Boyhood.2014.CRITERION.1080p.BluRay.x265-RARBG,2768240640,tt1065073
Gravity.2013.1080p.BluRay.x265-RARBG,1522532352,tt1454468
A.Quiet.Place.2018.1080p.BluRay.x265-RARBG,1509949440,tt6644200
Oblivion.2013.1080p.BluRay.x265-RARBG,2088763392,tt1483013
A.Million.Ways.to.Die.in.the.West.2014.EXTENDED.1080p.BluRay.x265-RARBG,2256535552,tt2557490
The.Gentlemen.2019.1080p.WEBRip.x265-RARBG,1895825408,tt8367814
Bloodshot.2020.1080p.WEBRip.x265-RARBG,1828716544,tt1634106
The.Orchard.2020.1080p.WEBRip.x265-RARBG,1371537408,tt5761986
The.Wolf.of.Wall.Street.2013.1080p.BluRay.x265-RARBG,3013607424,tt0993846
Fury.2014.1080p.BluRay.x265-RARBG,2252341248,tt2713180
The.Hitchhikers.Guide.to.the.Galaxy.2005.1080p.BluRay.x265-RARBG,1822425088,tt0371724
Top.Secret.1984.1080p.BluRay.x265-RARBG,1507852288,tt0088286
Dark.Waters.2019.1080p.BluRay.x265-RARBG,2126512128,tt9071322
Us.2019.1080p.BluRay.x265-RARBG,1948254208,tt6857112
The.Lighthouse.2019.1080p.BluRay.x265-RARBG,1826619392,tt7984734
Official.Secrets.2019.1080p.BluRay.x265-RARBG,1870659584,tt5431890
To.All.the.Boys.Ive.Loved.Before.2018.1080p.WEBRip.x265-RARBG,1673527296,tt3846674
Noelle.2019.1080p.WEBRip.x265-RARBG,1688207360,tt5097410
The.Way.Back.2020.1080p.WEBRip.x265-RARBG,1811939328,tt8544498
To.All.the.Boys.P.S.I.Still.Love.You.2020.1080p.WEBRip.x265-RARBG,1713373184,tt9354842
Lady.and.the.Tramp.2019.1080p.WEBRip.x265-RARBG,1749024768,tt8096832
Back.To.The.Future.Part.III.1990.1080p.BluRay.x265-RARBG,1981808640,tt0099088
Back.To.The.Future.1985.1080p.BluRay.x265-RARBG,1944059904,tt0088763
Back.To.The.Future.Part.II.1989.1080p.BluRay.x265-RARBG,1809842176,tt0096874
The.Two.Popes.2019.1080p.WEBRip.x265-RARBG,2111832064,tt8404614
Togo.2019.1080p.WEBRip.x265-RARBG,1902116864,tt5116302
The.Irishman.2019.1080p.WEBRip.x265-RARBG,3512729600,tt1302006
Passengers.2016.1080p.BluRay.x265-RARBG,1944059904,tt1355644
Lethal.Weapon.1987.REMASTERED.1080p.BluRay.x265-RARBG,1835008000,tt0093409
Lethal.Weapon.3.1992.1080p.BluRay.x265-RARBG,1973420032,tt0104714
Lethal.Weapon.2.1989.REMASTERED.1080p.BluRay.x265-RARBG,1916796928,tt0097733
Lethal.Weapon.4.1998.1080p.BluRay.x265-RARBG,2132803584,tt0122151
The.Lone.Ranger.2013.1080p.BluRay.x265-RARBG,2503999488,tt1210819
Spaceballs.1987.1080p.BluRay.x265-RARBG,1610612736,tt0094012
Snowpiercer.2013.1080p.BluRay.x265-RARBG,2107637760,tt1706620
Aladdin.2019.1080p.BluRay.x265-RARBG,2143289344,tt6139732
Tron.Legacy.2010.1080p.BluRay.x265-RARBG,2095054848,tt1104001
Dallas.Buyers.Club.2013.1080p.BluRay.x265-RARBG,1958739968,tt0790636
The.Great.Wall.2016.1080p.BluRay.x265-RARBG,1723858944,tt2034800
Code.8.2019.1080p.BluRay.x265-RARBG,1646264320,tt6259380
Rampage.2018.1080p.BluRay.x265-RARBG,1795162112,tt2231461
Assassins.Creed.2016.1080p.BluRay.x265-RARBG,1933574144,tt2094766
Django.Unchained.2012.1080p.BluRay.x265-RARBG,2768240640,tt1853728
Elysium.2013.1080p.BluRay.x265-RARBG,1826619392,tt1535108
Gods.Of.Egypt.2016.1080p.BluRay.x265-RARBG,2126512128,tt2404233
Tron.1982.1080p.BluRay.x265-RARBG,1604321280,tt0084827
Life.of.Pi.2012.1080p.BluRay.x265-RARBG,2126512128,tt0454876
Kong.Skull.Island.2017.1080p.BluRay.x265-RARBG,1981808640,tt3731562
Gemini.Man.2019.1080p.BluRay.x265-RARBG,1958739968,tt1025100
Battle.Los.Angeles.2011.REMASTERED.1080p.BluRay.x265-RARBG,1944059904,tt1217613
Sin.City.A.Dame.to.Kill.For.2014.1080p.BluRay.x265-RARBG,1709178880,tt0458481
Sin.City.2005.Unrated.Recut.EXTENDED.1080p.BluRay.x265-RARBG,2373976064,tt0401792
Crip.Camp.2020.1080p.WEBRip.x265-RARBG,1809842176,tt8923484
The.Laundromat.2019.1080p.WEBRip.x265-RARBG,1612709888,tt5865326
Murder.Mystery.2019.1080p.WEBRip.x265-RARBG,1637875712,tt1618434
El.Camino.A.Breaking.Bad.Movie.2019.1080p.WEBRip.x265-RARBG,2055208960,tt9243946
Velvet.Buzzsaw.2019.1080p.WEBRip.x265-RARBG,1876951040,tt7043012
The.Highwaymen.2019.1080p.WEBRip.x265-RARBG,2206203904,tt1860242
Triple.Frontier.2019.1080p.WEBRip.x265-RARBG,2099249152,tt1488606
Okja.2017.1080p.WEBRip.x265-RARBG,2034237440,tt3967856
The.King.2019.1080p.WEBRip.x265-RARBG,2353004544,tt7984766
Dolemite.Is.My.Name.2019.1080p.WEBRip.x265-RARBG,1981808640,tt8526872
6.Underground.2019.1080p.WEBRip.x265-RARBG,2160066560,tt8106534
Apollo.11.2019.1080p.BluRay.x265-RARBG,1558183936,tt8760684
Men.in.Black.1997.REMASTERED.1080p.BluRay.x265-RARBG,1637875712,tt0119654
Men.in.Black.II.2002.1080p.BluRay.x265-RARBG,1476395008,tt0120912
2001.A.Space.Odyssey.1968.REMASTERED.1080p.BluRay.x265-RARBG,2489319424,tt0062622
The.Death.And.Life.of.John.F.Donovan.2018.1080p.BluRay.x265-RARBG,2071986176,tt4042818
Alien.1979.REMASTERED.THEATRICAL.1080p.BluRay.x265-RARBG,1952448512,tt0078748
Alien.1979.REMASTERED.DC.1080p.BluRay.x265-RARBG,1939865600,tt0078748
Brightburn.2019.1080p.BluRay.x265-RARBG,1516240896,tt7752126
Alien.Resurrection.1997.SE.1080p.BluRay.x265-RARBG,1944059904,tt0118583
Men.in.Black.International.2019.1080p.BluRay.x265-RARBG,1923088384,tt2283336
Alien.3.1992.Special.Assembly.Cut.1080p.BluRay.x265-RARBG,2426404864,tt0103644
2010.The.Year.We.Make.Contact.1984.1080p.BluRay.x265-RARBG,1939865600,tt0086837
E.T.The.Extra-Terrestrial.1982.1080p.BluRay.x265-RARBG,1918894080,tt0083866
Red.Planet.2000.1080p.BluRay.x265-RARBG,1782579200,tt0199753
Pet.Sematary.2019.1080p.BluRay.x265-RARBG,1686110208,tt0837563
Extremely.Wicked.Shockingly.Evil.and.Vile.2019.1080p.BluRay.x265-RARBG,1841299456,tt2481498
Close.Encounters.of.the.Third.Kind.1977.DC.REMASTERED.1080p.BluRay.x265-RARBG,2298478592,tt0075860
Contact.1997.1080p.BluRay.x265-RARBG,2506096640,tt0118884
Split.2016.1080p.BluRay.x265-RARBG,1960837120,tt4972582
Prometheus.2012.1080p.BluRay.x265-RARBG,2071986176,tt1446714
Unbreakable.2000.1080p.BluRay.x265-RARBG,1784676352,tt0217869
Glass.2019.1080p.BluRay.x265-RARBG,2160066560,tt6823368
Hustlers.2019.1080p.BluRay.x265-RARBG,1843396608,tt5503686
Live.Free.Or.Die.Hard.2007.1080p.BluRay.x265-RARBG,2151677952,tt0337978
Die.Hard.With.A.Vengeance.1995.1080p.BluRay.x265-RARBG,2151677952,tt0112864
A.Good.Day.To.Die.Hard.2013.EXTENDED.1080p.BluRay.x265-RARBG,1692401664,tt1606378
Die.Hard.1988.1080p.BluRay.x265-RARBG,2212495360,tt0095016
Aliens.1986.SE.1080p.BluRay.x265-RARBG,2585788416,tt0090605
Alien.Covenant.2017.1080p.BluRay.x265-RARBG,2042626048,tt2316204
Die.Hard.2.1990.1080p.BluRay.x265-RARBG,2065694720,tt0099423
Rocketman.2019.1080p.BluRay.x265-RARBG,2030043136,tt2066051
Sunshine.2007.1080p.BluRay.x265-RARBG,1799356416,tt0448134
Leon.The.Professional.1994.REMASTERED.EXTENDED.1080p.BluRay.x265-RARBG,2222981120,tt0110413
Mission.To.Mars.2000.1080p.BluRay.x265-RARBG,1904214016,tt0183523
The.Fifth.Element.1997.REMASTERED.1080p.BluRay.x265-RARBG,2105540608,tt0119116
Scary.Stories.To.Tell.In.The.Dark.2019.1080p.BluRay.x265-RARBG,1805647872,tt3387520
Cats.2019.1080p.BluRay.x265-RARBG,1847590912,tt5697572
Good.Boys.2019.1080p.BluRay.x265-RARBG,1499463680,tt7343762
Total.Recall.1990.Mind.Bending.Edition.1080p.BluRay.x265-RARBG,1900019712,tt0100802
Escape.Room.2019.1080p.BluRay.x265-RARBG,1667235840,tt5886046
The.Grudge.2020.1080p.BluRay.x265-RARBG,1570766848,tt3612126
Battleship.2012.1080p.BluRay.x265-RARBG,2197815296,tt1440129
Shazam.2019.1080p.BluRay.x265-RARBG,2204106752,tt0448115
Captain.Phillips.2013.1080p.BluRay.x265-RARBG,2241855488,tt1535109
Mr.Jones.2019.1080p.BluRay.x265-RARBG,1988100096,tt6828390
The.Thing.2011.1080p.BluRay.x265-RARBG,1723858944,tt0905372
Men.in.Black.3.2012.1080p.BluRay.x265-RARBG,1772093440,tt1409024
The.Thing.1982.ARROW.REMASTER.1080p.BluRay.x265-RARBG,1818230784,tt0084787
Red.2010.1080p.BluRay.x265-RARBG,1860173824,tt1245526
Signs.2002.1080p.BluRay.x265-RARBG,1782579200,tt0286106
Stargate.1994.EXTENDED.1080p.BluRay.x265-RARBG,2174746624,tt0111282
Red.2.2013.1080p.BluRay.x265-RARBG,1937768448,tt1821694
Dolittle.2020.1080p.BluRay.x265-RARBG,1698693120,tt6673612
The.Shining.1980.US.DC.REMASTERED.1080p.BluRay.x265-RARBG,2407530496,tt0081505
Geostorm.2017.1080p.BluRay.x265-RARBG,1826619392,tt1981128
Titanic.1997.1080p.BluRay.x265-RARBG,3261071360,tt0120338
Ant-Man.and.the.Wasp.2018.1080p.BluRay.x265-RARBG,1975517184,tt5095030
Suicide.Squad.2016.EXTENDED.1080p.BluRay.x265-RARBG,2252341248,tt1386697
Ant-Man.2015.1080p.BluRay.x265-RARBG,1960837120,tt0478970
The.House.That.Jack.Built.2018.UNRATED.1080p.BluRay.x265-RARBG,2554331136,tt4003440
Suspiria.2018.1080p.BluRay.x265-RARBG,2545942528,tt1034415
Justice.League.2017.1080p.BluRay.x265-RARBG,2011168768,tt0974015
Uncorked.2020.1080p.WEBRip.x265-RARBG,1749024768,tt9261218
Vivarium.2019.1080p.WEBRip.x265-RARBG,1648361472,tt8368406
Always.Be.My.Maybe.2019.1080p.WEBRip.x265-RARBG,1717567488,tt7374948
The.Ballad.of.Buster.Scruggs.2018.1080p.WEBRip.x265-RARBG,2233466880,tt6412452
Mudbound.2017.1080p.WEBRip.x265-RARBG,2260729856,tt2396589
The.Shape.of.Water.2017.1080p.BluRay.x265-RARBG,2063597568,tt5580390
Hotel.Artemis.2018.1080p.BluRay.x265-RARBG,1570766848,tt5834262
The.Meyerowitz.Stories.New.and.Selected.2017.1080p.WEBRip.x265-RARBG,1887436800,tt5536736
Unsane.2018.1080p.BluRay.x265-RARBG,1644167168,tt7153766
Beasts.of.No.Nation.2015.1080p.WEBRip.x265-RARBG,2298478592,tt1365050
Motherless.Brooklyn.2019.1080p.BluRay.x265-RARBG,2415919104,tt0385887
Little.Women.2019.1080p.BluRay.x265-RARBG,2273312768,tt3281548
The.Call.of.the.Wild.2020.1080p.WEBRip.x265-RARBG,1667235840,tt7504726
Robinson.Crusoe.1997.1080p.WEBRip.x265-RARBG,1518338048,tt0117496
Downhill.2020.1080p.WEBRip.x265-RARBG,1442840576,tt4558376
Moon.2009.1080p.BluRay.x265-RARBG,1625292800,tt1182345
Gattaca.1997.1080p.BluRay.x265-RARBG,1782579200,tt0119177
300.2006.1080p.BluRay.x265-RARBG,1950351360,tt0416449
First.Man.2018.IMAX.1080p.BluRay.x265-RARBG,2350907392,tt1213641
Oceans.Eight.2018.1080p.BluRay.x265-RARBG,1841299456,tt5164214
Serenity.2005.1080p.BluRay.x265-RARBG,1994391552,tt0379786
300.Rise.of.an.Empire.2014.1080p.BluRay.x265-RARBG,1715470336,tt1253863
Looper.2012.1080p.BluRay.x265-RARBG,1990197248,tt1276104
Equilibrium.2002.1080p.BluRay.x265-RARBG,1790967808,tt0238380
I.Robot.2004.1080p.BluRay.x265-RARBG,1920991232,tt0343818
Bad.Times.at.the.El.Royale.2018.1080p.BluRay.x265-RARBG,2367684608,tt6628394
Fight.Club.1999.REMASTERED.1080p.BluRay.x265-RARBG,2327838720,tt0137523
Green.Book.2018.1080p.BluRay.x265-RARBG,2176843776,tt6966692
Skyscraper.2018.1080p.BluRay.x265-RARBG,1709178880,tt5758778
District.9.2009.1080p.BluRay.x265-RARBG,1870659584,tt1136608
A.Star.Is.Born.2018.Encore.Edition.1080p.BluRay.x265-RARBG,2470445056,tt1517451
Red.Sparrow.2018.1080p.BluRay.x265-RARBG,2346713088,tt2873282
Serenity.2019.1080p.BluRay.x265-RARBG,1774190592,tt6476140
Catch.Me.If.You.Can.2002.1080p.BluRay.x265-RARBG,2355101696,tt0264464
Pitch.Black.2000.UNRATED.DC.1080p.BluRay.x265-RARBG,1872756736,tt0134847
Solo.A.Star.Wars.Story.2018.1080p.BluRay.x265-RARBG,2256535552,tt3778644
Riddick.2013.EXTENDED.1080p.BluRay.x265-RARBG,2122317824,tt1411250
Mortal.Engines.2018.1080p.BluRay.x265-RARBG,2147483648,tt1571234
Minority.Report.2002.1080p.BluRay.x265-RARBG,2430599168,tt0181689
Oceans.Twelve.2004.1080p.BluRay.x265-RARBG,2097152000,tt0349903
Oceans.Eleven.2001.1080p.BluRay.x265-RARBG,1950351360,tt0240772
Oceans.Thirteen.2007.1080p.BluRay.x265-RARBG,2044723200,tt0496806
Rogue.One.2016.1080p.BluRay.x265-RARBG,2243952640,tt3748528
I.Still.Believe.2020.1080p.WEBRip.x265-RARBG,1948254208,tt9779516
The.Chronicles.of.Riddick.2004.DC.1080p.BluRay.x265-RARBG,2246049792,tt0296572
Sphere.1998.1080p.BluRay.x265-RARBG,2246049792,tt0120184
The.Day.the.Earth.Stood.Still.2008.1080p.BluRay.x265-RARBG,1734344704,tt0970416
The.Favourite.2018.1080p.BluRay.x265-RARBG,2000683008,tt5083738
Twelve.Monkeys.1995.REMASTERED.1080p.BluRay.x265-RARBG,2168455168,tt0114746
War.of.the.Worlds.2005.1080p.BluRay.x265-RARBG,1950351360,tt0407304
Cloverfield.2008.1080p.BluRay.x265-RARBG,1415577600,tt1060277
Rambo.First.Blood.1982.REMASTERED.1080p.BluRay.x265-RARBG,1564475392,tt0083944
Rambo.2008.EXTENDED.1080p.BluRay.x265-RARBG,1658847232,tt0462499
12.Strong.2018.1080p.BluRay.x265-RARBG,2172649472,tt1413492
Hunter.Killer.2018.1080p.BluRay.x265-RARBG,2034237440,tt1846589
BlacKkKlansman.2018.1080p.BluRay.x265-RARBG,2256535552,tt7349662
Rambo.Last.Blood.2019.EXTENDED.1080p.BluRay.x265-RARBG,1681915904,tt1206885
Rambo.First.Blood.Part.II.1985.REMASTERED.1080p.BluRay.x265-RARBG,1604321280,tt0089880
Rambo.III.1988.REMASTERED.1080p.BluRay.x265-RARBG,1696595968,tt0095956
10.Cloverfield.Lane.2016.1080p.BluRay.x265-RARBG,1734344704,tt1179933
Life.2017.1080p.BluRay.x265-RARBG,1740636160,tt5442430
Murder.On.The.Orient.Express.2017.1080p.BluRay.x265-RARBG,1906311168,tt3402236
Beauty.and.the.Beast.2017.1080p.BluRay.x265-RARBG,2164260864,tt2771200
Creed.2015.1080p.BluRay.x265-RARBG,2229272576,tt3076658
Rocky.1976.REMASTERED.1080p.BluRay.x265-RARBG,2002780160,tt0075148
The.Greatest.Showman.2017.1080p.BluRay.x265-RARBG,1755316224,tt1485796
Taken.2008.1080p.BluRay.x265-RARBG,1562378240,tt0936501
Taken.2.2012.UNRATED.EXTENDED.1080p.BluRay.x265-RARBG,1646264320,tt1397280
Taken.3.2014.EXTENDED.1080p.BluRay.x265-RARBG,1929379840,tt2446042
Creed.II.2018.1080p.BluRay.x265-RARBG,2172649472,tt6343314
The.Animatrix.2003.1080p.BluRay.x265-RARBG,1686110208,tt0328832
2012.2009.1080p.BluRay.x265-RARBG,2642411520,tt1190080
Armageddon.1998.1080p.BluRay.x265-RARBG,2524971008,tt0120591
The.Core.2003.1080p.BluRay.x265-RARBG,2258632704,tt0298814
The.Cloverfield.Paradox.2018.1080p.BluRay.x265-RARBG,1702887424,tt2548396
Rocky.III.1982.1080p.BluRay.x265-RARBG,1667235840,tt0084602
Rocky.II.1979.1080p.BluRay.x265-RARBG,1994391552,tt0079817
The.Meg.2018.1080p.BluRay.x265-RARBG,1893728256,tt4779682
Rocky.IV.1985.1080p.BluRay.x265-RARBG,1533018112,tt0089927
Rocky.V.1990.1080p.BluRay.x265-RARBG,1744830464,tt0100507
Rocky.Balboa.2006.1080p.BluRay.x265-RARBG,1702887424,tt0479143
Deep.Impact.1998.1080p.BluRay.x265-RARBG,2027945984,tt0120647
Haunt.2019.1080p.BluRay.x265-RARBG,1539309568,tt6535880
Alpha.2018.1080p.BluRay.x265-RARBG,1614807040,tt4244998
Ex.Machina.2015.1080p.BluRay.x265-RARBG,1809842176,tt0470752
The.Day.After.Tomorrow.2004.1080p.BluRay.x265-RARBG,2069889024,tt0319262
Limitless.2011.UNRATED.1080p.BluRay.x265-RARBG,1767899136,tt1219289
Christopher.Robin.2018.1080p.BluRay.x265-RARBG,1740636160,tt4575576
Donnie.Darko.2001.REMASTERED.DC.1080p.BluRay.x265-RARBG,2239758336,tt0246578
Zodiac.2007.DC.1080p.BluRay.x265-RARBG,2720006144,tt0443706
Super.8.2011.1080p.BluRay.x265-RARBG,1870659584,tt1650062
Rush.Hour.3.2007.1080p.BluRay.x265-RARBG,1518338048,tt0293564
London.Has.Fallen.2016.1080p.BluRay.x265-RARBG,1656750080,tt3300542
Angel.Has.Fallen.2019.1080p.BluRay.x265-RARBG,2023751680,tt6189022
Queen.and.Slim.2019.1080p.BluRay.x265-RARBG,2214592512,tt8722346
Harriet.2019.1080p.BluRay.x265-RARBG,2092957696,tt4648786
Star.Trek.Into.Darkness.2013.1080p.BluRay.x265-RARBG,2206203904,tt1408101
Star.Trek.2009.1080p.BluRay.x265-RARBG,2120220672,tt0796366
RoboCop.3.1993.1080p.BluRay.x265-RARBG,1755316224,tt0107978
Olympus.Has.Fallen.2013.1080p.BluRay.x265-RARBG,2002780160,tt2302755
The.Machinist.2004.1080p.BluRay.x265-RARBG,1704984576,tt0361862
The.Sixth.Sense.1999.REMASTERED.1080p.BluRay.x265-RARBG,1799356416,tt0167404
Maze.Runner.The.Scorch.Trials.2015.1080p.BluRay.x265-RARBG,2204106752,tt4046784
Maze.Runner.The.Death.Cure.2018.1080p.BluRay.x265-RARBG,2407530496,tt4500922
The.Maze.Runner.2014.1080p.BluRay.x265-RARBG,1900019712,tt1790864
The.Good.Liar.2019.1080p.BluRay.x265-RARBG,1835008000,tt5563334
The.Professor.and.the.Madman.2019.1080p.BluRay.x265-RARBG,2090860544,tt5932728
White.House.Down.2013.1080p.BluRay.x265-RARBG,2202009600,tt2334879
Volcano.1997.1080p.BluRay.x265-RARBG,1738539008,tt0120461
Twister.1996.1080p.BluRay.x265-RARBG,1891631104,tt0117998
Star.Trek.I.The.Motion.Picture.1979.1080p.BluRay.x265-RARBG,2208301056,tt0079945
Star.Trek.Generations.1994.1080p.BluRay.x265-RARBG,1975517184,tt0111280
Star.Trek.First.Contact.1996.1080p.BluRay.x265-RARBG,1853882368,tt0117731
Star.Trek.III.The.Search.For.Spock.1984.1080p.BluRay.x265-RARBG,1761607680,tt0088170
The.Hunger.Games.Mockingjay.Part.2.2015.1080p.BluRay.x265-RARBG,2292187136,tt1951266
Star.Trek.IV.The.Voyage.Home.1986.1080p.BluRay.x265-RARBG,1990197248,tt0092007
Star.Trek.II.The.Wrath.of.Khan.1982.DC.1080p.BluRay.x265-RARBG,1950351360,tt0084726
Star.Trek.VI.The.Undiscovered.Country.1991.1080p.BluRay.x265-RARBG,1841299456,tt0102975
Star.Trek.Insurrection.1998.1080p.BluRay.x265-RARBG,1723858944,tt0120844
Star.Trek.Nemesis.2002.1080p.BluRay.x265-RARBG,1950351360,tt0253754
The.Hunger.Games.Catching.Fire.2013.IMAX.1080p.BluRay.x265-RARBG,2449473536,tt1951264
The.Hunger.Games.Mockingjay.Part.1.2014.1080p.BluRay.x265-RARBG,2057306112,tt1951265
The.Hunger.Games.2012.1080p.BluRay.x265-RARBG,2384461824,tt1392170
Star.Trek.V.The.Final.Frontier.1989.1080p.BluRay.x265-RARBG,1782579200,tt0098382
Escape.from.Pretoria.2020.1080p.BluRay.x265-RARBG,1780482048,tt5797184
Bad.Boys.II.2003.REMASTERED.1080p.BluRay.x265-RARBG,2457862144,tt0172156
Jackie.Brown.1997.1080p.BluRay.x265-RARBG,2585788416,tt0119396
Bad.Boys.1995.REMASTERED.1080p.BluRay.x265-RARBG,1988100096,tt0112442
Sonic.the.Hedgehog.2020.1080p.WEBRip.x265-RARBG,1654652928,tt3794354
Bad.Boys.for.Life.2020.1080p.WEBRip.x265-RARBG,2071986176,tt1502397
Big.Trouble.in.Little.China.1986.1080p.BluRay.x265-RARBG,1671430144,tt0090728
Conquest.of.the.Planet.of.the.Apes.1972.1080p.BluRay.x265-RARBG,1463812096,tt0068408
Escape.from.the.Planet.of.the.Apes.1971.1080p.BluRay.x265-RARBG,1633681408,tt0067065
Battle.for.the.Planet.of.the.Apes.1973.1080p.BluRay.x265-RARBG,1449132032,tt0069768
Escape.from.New.York.1981.NEW.REMASTERED.1080p.BluRay.x265-RARBG,1658847232,tt0082340
Beneath.the.Planet.of.the.Apes.1970.1080p.BluRay.x265-RARBG,1585446912,tt0065462
Changeling.2008.1080p.BluRay.x265-RARBG,2376073216,tt0824747
Escape.from.L.A.1996.1080p.BluRay.x265-RARBG,1686110208,tt0116225
Planet.of.the.Apes.1968.1080p.BluRay.x265-RARBG,1876951040,tt0063442
Dawn.of.the.Planet.of.the.Apes.2014.1080p.BluRay.x265-RARBG,2183135232,tt2103281
Planet.of.the.Apes.2001.1080p.BluRay.x265-RARBG,2009071616,tt0133152
The.Transporter.Refueled.2015.1080p.BluRay.x265-RARBG,1604321280,tt2938956
War.for.the.Planet.of.the.Apes.2017.1080p.BluRay.x265-RARBG,2346713088,tt3450958
Beverly.Hills.Cop.1984.REMASTED.1080p.BluRay.x265-RARBG,1759510528,tt0086960
The.Transporter.2002.1080p.BluRay.x265-RARBG,1545601024,tt0293662
Rise.of.the.Planet.of.the.Apes.2011.1080p.BluRay.x265-RARBG,1755316224,tt1318514
Transporter.3.2008.1080p.BluRay.x265-RARBG,1732247552,tt1129442
Wanted.2008.1080p.BluRay.x265-RARBG,1839202304,tt0493464
Transporter.2.2005.1080p.BluRay.x265-RARBG,1474297856,tt0388482
Beverly.Hills.Cop.II.1987.REMASTERED.1080p.BluRay.x265-RARBG,1723858944,tt0092644
Beverly.Hills.Cop.III.1994.REMASTERED.1080p.BluRay.x265-RARBG,1744830464,tt0109254
The.Fugitive.1993.1080p.BluRay.x265-RARBG,2181038080,tt0106977
Shrek.2001.1080p.BluRay.x265-RARBG,1507852288,tt0126029
National.Treasure.Book.of.Secrets.2007.1080p.BluRay.x265-RARBG,2084569088,tt0465234
National.Treasure.2004.1080p.BluRay.x265-RARBG,2195718144,tt0368891
The.Shallows.2016.1080p.BluRay.x265-RARBG,1442840576,tt4052882
Mr.And.Mrs.Smith.2005.DC.1080p.BluRay.x265-RARBG,2097152000,tt0356910
The.Room.2019.1080p.BluRay.x265-RARBG,1658847232,tt8485364
Shrek.the.Third.2007.1080p.BluRay.x265-RARBG,1551892480,tt0413267
Shrek.2.2004.1080p.BluRay.x265-RARBG,1545601024,tt0298148
Tomb.Raider.2018.1080p.BluRay.x265-RARBG,1969225728,tt1365519
Underworld.Evolution.2006.1080p.BluRay.x265-RARBG,1780482048,tt0401855
Underworld.Awakening.2012.1080p.BluRay.x265-RARBG,1482686464,tt1496025
Underworld.Rise.Of.The.Lycans.2009.1080p.BluRay.x265-RARBG,1545601024,tt0834001
Underworld.Blood.Wars.2016.1080p.BluRay.x265-RARBG,1533018112,tt3717252
Shrek.Forever.After.2010.1080p.BluRay.x265-RARBG,1560281088,tt0892791
Underworld.2003.UNRATED.1080p.BluRay.x265-RARBG,2235564032,tt0320691
Reservoir.Dogs.1992.1080p.BluRay.x265-RARBG,1660944384,tt0105236
Gran.Torino.2008.1080p.BluRay.x265-RARBG,1952448512,tt1205489
A.Beautiful.Mind.2001.1080p.BluRay.x265-RARBG,2269118464,tt0268978
Lost.In.Space.1998.1080p.BluRay.x265-RARBG,2181038080,tt0120738
The.Green.Mile.1999.1080p.BluRay.x265-RARBG,3156213760,tt0120689
Rush.2013.1080p.BluRay.x265-RARBG,2046820352,tt1979320
Kung.Fu.Panda.2008.1080p.BluRay.x265-RARBG,1541406720,tt0441773
Kung.Fu.Panda.3.2016.1080p.BluRay.x265-RARBG,1587544064,tt2267968
American.Beauty.1999.1080p.BluRay.x265-RARBG,2036334592,tt0169547
The.Elephant.Man.1980.REMASTERED.1080p.BluRay.x265-RARBG,2067791872,tt0080678
Good.Will.Hunting.1997.1080p.BluRay.x265-RARBG,2120220672,tt0119217
Bohemian.Rhapsody.2018.1080p.BluRay.x265-RARBG,2246049792,tt1727824
A.Clockwork.Orange.1971.1080p.BluRay.x265-RARBG,2287992832,tt0066921
Underwater.2020.1080p.BluRay.x265-RARBG,1589641216,tt5774060
Cast.Away.2000.1080p.BluRay.x265-RARBG,2407530496,tt0162222
Apocalypse.Now.1979.Redux.REMASTERED.1080p.BluRay.x265-RARBG,3279945728,tt0078788
VFW.2019.1080p.BluRay.x265-RARBG,1530920960,tt9894470
The.Usual.Suspects.1995.1080p.BluRay.x265-RARBG,1776287744,tt0114814
Now.You.See.Me.2.2016.1080p.BluRay.x265-RARBG,2162163712,tt3110958
The.Departed.2006.1080p.BluRay.x265-RARBG,2533359616,tt0407887
Now.You.See.Me.2013.EXTENDED.1080p.BluRay.x265-RARBG,2086666240,tt1670345
The.Postman.1997.1080p.BluRay.x265-RARBG,2975858688,tt0119925
Red.Heat.1988.REMASTERED.1080p.BluRay.x265-RARBG,1740636160,tt0095963
Into.The.Storm.2014.1080p.BluRay.x265-RARBG,1495269376,tt2106361
Mechanic.Resurrection.2016.1080p.BluRay.x265-RARBG,1648361472,tt3522806
Hannibal.2001.REMASTERED.1080p.BluRay.x265-RARBG,2202009600,tt0212985
Hacksaw.Ridge.2016.1080p.BluRay.x265-RARBG,2325741568,tt2119532
Manhunter.1986.DC.1080p.BluRay.x265-RARBG,2082471936,tt0091474
The.Mechanic.2011.1080p.BluRay.x265-RARBG,1549795328,tt0472399
Waterworld.1995.The.Ulysses.Cut.1080p.BluRay.x265-RARBG,2967470080,tt0114898
The.Silence.of.the.Lambs.1991.REMASTERED.1080p.BluRay.x265-RARBG,1990197248,tt0102926
Predestination.2014.1080p.BluRay.x265-RARBG,1637875712,tt2397535
Dumbo.2019.1080p.BluRay.x265-RARBG,1874853888,tt3861390
The.Godfather.Part.III.1990.1080p.BluRay.x265-RARBG,2850029568,tt0099674
The.Art.of.Self.Defense.2019.1080p.BluRay.x265-RARBG,1744830464,tt7339248
Gone.in.60.Seconds.2000.1080p.BluRay.x265-RARBG,1975517184,tt0187078
Inglourious.Basterds.2009.1080p.BluRay.x265-RARBG,2558525440,tt0361748
The.Godfather.1972.1080p.BluRay.x265-RARBG,2963275776,tt0068646
Dantes.Peak.1997.1080p.BluRay.x265-RARBG,1816133632,tt0118928
Nocturnal.Animals.2016.1080p.BluRay.x265-RARBG,1944059904,tt4550098
RoboCop.2.1990.1080p.BluRay.x265-RARBG,1952448512,tt0100502
Goodfellas.1990.REMASTERED.1080p.BluRay.x265-RARBG,2432696320,tt0099685
Pulp.Fiction.1994.1080p.BluRay.x265-RARBG,2585788416,tt0110912
Kill.Bill.Volume.1.2003.1080p.BluRay.x265-RARBG,1851785216,tt0266697
Heat.1995.REMASTERED.1080p.BluRay.x265-RARBG,2850029568,tt0113277
V.For.Vendetta.2005.1080p.BluRay.x265-RARBG,2218786816,tt0434409
Red.Dragon.2002.1080p.BluRay.x265-RARBG,2082471936,tt0289765
Happy.Death.Day.2U.2019.1080p.BluRay.x265-RARBG,1663041536,tt8155288
Poseidon.2006.1080p.BluRay.x265-RARBG,1644167168,tt0409182
Rush.Hour.2.2001.1080p.BluRay.x265-RARBG,1507852288,tt0266915
Hannibal.Rising.2007.1080p.BluRay.x265-RARBG,2185232384,tt0367959
Million.Dollar.Baby.2004.1080p.BluRay.x265-RARBG,2218786816,tt0405159
The.Truman.Show.1998.1080p.BluRay.x265-RARBG,1721761792,tt0120382
Stuber.2019.1080p.BluRay.x265-RARBG,1564475392,tt7734218
Se7en.1995.REMASTERED.1080p.BluRay.x265-RARBG,2124414976,tt0114369
Hancock.2008.EXTENDED.1080p.BluRay.x265-RARBG,1709178880,tt0448157
Kingsman.The.Secret.Service.2014.UNCUT.1080p.BluRay.x265-RARBG,2155872256,tt2802144
Kingsman.The.Golden.Circle.2017.1080p.BluRay.x265-RARBG,2361393152,tt4649466
Star.Trek.Beyond.2016.1080p.BluRay.x265-RARBG,2046820352,tt2660888
Rush.Hour.1998.1080p.BluRay.x265-RARBG,1637875712,tt0120812
Happy.Death.Day.2017.1080p.BluRay.x265-RARBG,1610612736,tt5308322
Robocop.2014.1080p.BluRay.x265-RARBG,1967128576,tt1234721
Kill.Bill.Volume.2.2004.1080p.BluRay.x265-RARBG,2294284288,tt0378194
RoboCop.1987.ARROW.REMASTERED.DC.1080p.BluRay.x265-RARBG,1728053248,tt0093870
The.Pianist.2002.1080p.BluRay.x265-RARBG,2493513728,tt0253474
The.Godfather.Part.II.1974.1080p.BluRay.x265-RARBG,3380609024,tt0071562
Schindlers.List.1993.1080p.BluRay.x265-RARBG,3265265664,tt0108052
Three.Kings.1999.1080p.BluRay.x265-RARBG,1920991232,tt0120188
A.I.Artificial.Intelligence.2001.1080p.BluRay.x265-RARBG,2441084928,tt0212720
Alexander.2004.The.Final.Cut.1080p.BluRay.x265-RARBG,3575644160,tt0346491
The.Perfect.Storm.2000.1080p.BluRay.x265-RARBG,2172649472,tt0177971
Mandy.2018.1080p.BluRay.x265-RARBG,2025848832,tt6998518
Coffee.and.Kareem.2020.1080p.WEBRip.x265-RARBG,1484783616,tt9898858
Brahms.The.Boy.II.2020.1080p.WEBRip.x265-RARBG,1449132032,tt9173418
Elephant.2020.1080p.WEBRip.x265-RARBG,1434451968,tt12036052
Dolphin.Reef.2020.1080p.WEBRip.x265-RARBG,1285554176,tt10055028
Europa.Report.2013.1080p.BluRay.x265-RARBG,1516240896,tt2051879
No.Country.For.Old.Men.2007.1080p.BluRay.x265-RARBG,2046820352,tt0477348
American.Psycho.2000.UNCUT.REMASTERED.1080p.BluRay.x265-RARBG,1707081728,tt0144084
Chronicle.2012.DC.1080p.BluRay.x265-RARBG,1484783616,tt1706593
Resident.Evil.Afterlife.2010.1080p.BluRay.x265-RARBG,1621098496,tt1220634
Resident.Evil.Extinction.2007.1080p.BluRay.x265-RARBG,1574961152,tt0432021
Resident.Evil.Retribution.2012.1080p.BluRay.x265-RARBG,1591738368,tt1855325
Constantine.2005.1080p.BluRay.x265-RARBG,2021654528,tt0360486
Memento.2000.REMASTERED.1080p.BluRay.x265-RARBG,1900019712,tt0209144
Resident.Evil.Apocalypse.2004.EXTENDED.1080p.BluRay.x265-RARBG,1631584256,tt0318627
Resident.Evil.Degeneration.2008.1080p.BluRay.x265-RARBG,1608515584,tt1174954
American.History.X.1998.1080p.BluRay.x265-RARBG,1990197248,tt0120586
One.Flew.Over.The.Cuckoos.Nest.1975.1080p.BluRay.x265-RARBG,2235564032,tt0073486
